{"cameraMode":{"drawMode":0,"name":"Shaded","section":"Shading Mode"},"sceneLighting":false,"audioPlay":false,"sceneViewState":{"m_AlwaysRefresh":false,"showFog":true,"showSkybox":false,"showFlares":true,"showImageEffects":true,"showParticleSystems":true,"showVisualEffectGraphs":true,"m_FxEnabled":true},"in2DMode":false,"pivot":{"x":-0.02358849346637726,"y":1.375110149383545,"z":-0.9290673136711121},"rotation":{"x":0.0011175357503816486,"y":-0.9911075234413147,"z":0.13341689109802247,"w":0.008338449522852898},"size":0.7751429080963135,"orthographic":false}