{"cameraMode":{"drawMode":0,"name":"Shaded","section":"Shading Mode"},"sceneLighting":false,"audioPlay":false,"sceneViewState":{"m_AlwaysRefresh":false,"showFog":true,"showSkybox":false,"showFlares":true,"showImageEffects":true,"showParticleSystems":true,"showVisualEffectGraphs":true,"m_FxEnabled":true},"in2DMode":false,"pivot":{"x":-0.07631455361843109,"y":1.5600218772888184,"z":-0.4032469391822815},"rotation":{"x":0.004970205947756767,"y":-0.9949629306793213,"z":-0.06546057015657425,"w":-0.07685791701078415},"size":0.5564215779304504,"orthographic":false}