{"cameraMode":{"drawMode":0,"name":"Shaded","section":"Shading Mode"},"sceneLighting":false,"audioPlay":false,"sceneViewState":{"m_AlwaysRefresh":false,"showFog":true,"showSkybox":false,"showFlares":true,"showImageEffects":true,"showParticleSystems":true,"showVisualEffectGraphs":true,"m_FxEnabled":true},"in2DMode":false,"pivot":{"x":-0.5142530202865601,"y":1.0773990154266358,"z":0.9127700328826904},"rotation":{"x":0.04507596418261528,"y":-0.9546963572502136,"z":0.19633129239082337,"w":0.2194325476884842},"size":1.4200587272644044,"orthographic":false}