{"cameraMode":{"drawMode":0,"name":"Shaded","section":"Shading Mode"},"sceneLighting":false,"audioPlay":false,"sceneViewState":{"m_AlwaysRefresh":false,"showFog":true,"showSkybox":false,"showFlares":true,"showImageEffects":true,"showParticleSystems":true,"showVisualEffectGraphs":true,"m_FxEnabled":true},"in2DMode":false,"pivot":{"x":2.5412566661834719,"y":1.222542405128479,"z":3.6036558151245119},"rotation":{"x":-0.025804594159126283,"y":-0.9685277938842773,"z":0.11263974756002426,"w":-0.22071756422519685},"size":3.5236778259277345,"orthographic":false}