{"cameraMode":{"drawMode":0,"name":"Shaded","section":"Shading Mode"},"sceneLighting":false,"audioPlay":false,"sceneViewState":{"m_AlwaysRefresh":false,"showFog":false,"showSkybox":false,"showFlares":false,"showImageEffects":false,"showParticleSystems":false,"showVisualEffectGraphs":true,"m_FxEnabled":true},"in2DMode":false,"pivot":{"x":0.0398256778717041,"y":0.9268091917037964,"z":-0.047635287046432498},"rotation":{"x":0.04507596418261528,"y":-0.9546963572502136,"z":0.19633129239082337,"w":0.2194325476884842},"size":1.4938769340515137,"orthographic":false}